First Name,Last Name,Email
test1,user1,test1@gmail.com
test2,user2,test2@gmail.com
test3,user3,test3@gmail.com
test4,user4,test4@gmail.com
test5,user5,test5@gmail.com
test6,user6,test6@gmail.com
test7,user7,test7@gmail.com
test8,user8,test8@gmail.com
test9,user9,test9@gmail.com
test10,user10,test10@gmail.com
test11,user11,test11@gmail.com
test12,user12,test12@gmail.com
test13,user13,test13@gmail.com
test14,user14,test14@gmail.com
test15,user15,test15@gmail.com
test16,user16,test16@gmail.com
test17,user17,test17@gmail.com
test18,user18,test18@gmail.com
test19,user19,test19@gmail.com
test20,user20,test20@gmail.com
